{"fp": [54.0, 51.0, 2.0, 36.0, 52.0], "fn": [37.0, 28.0, 91.0, 43.0, 18.0], "tp": [58.0, 67.0, 4.0, 52.0, 77.0], "tn": [37.0, 40.0, 89.0, 55.0, 39.0], "loss": [7.232018947601318, 2.265207529067993, 2.977349281311035, 1.0617164373397827, 1.0262809991836548], "accuracy": [0.5107526779174805, 0.5752688050270081, 0.5, 0.5752688050270081, 0.6236559152603149], "precision": [0.5178571343421936, 0.5677965879440308, 0.6666666865348816, 0.5909090638160706, 0.5968992114067078], "recall": [0.6105263233184814, 0.7052631378173828, 0.04210526496171951, 0.5473684072494507, 0.8105263113975525], "f-score": [0.5603864716160363, 0.6291079595906705, 0.07920792412406123, 0.5683059909592966, 0.6874999895321243], "train-loss": [131.35919189453125, 5.9284348487854, 2.0921082496643066, 2.195936679840088, 1.8531215190887451], "val-loss": [8.470815658569336, 1.8757374286651611, 3.5116519927978516, 0.944739043712616, 0.8052472472190857]}